bos_taurus_TaxID_9913_R_no.tsv,35	danio_rerio_TaxID_7955_R_no.tsv	rattus_norvegicus_TaxID_10116_R_no.tsv	dictyostelium_discoideum_TaxID_44689_R_no.tsv	xenopus_tropicalis_TaxID_8364_R_no.tsv	homo_sapiens_TaxID_9606_R_yes.tsv	escherichia_coli_TaxID_83333_R_yes.tsv	drosophila_melanogaster_TaxID_7227_R_no.tsv	caenorhabditis_elegans_TaxID_6239_R_no.tsv	arabidopsis_thaliana_TaxID_3702_R_no.tsv	nematostella_vectensis_TaxID_45351_R_no.tsv	Monosiga_brevicollis_TaxID_81824_R_no.tsv	gallus_gallus_TaxID_9031_R_no.tsv	mus_musculus_TaxID_10090_R_no.tsv	saccharomyces_cerevisiae_TaxID_559292_R_yes.tsv	callorhinchus_milii_TaxID_7868_R_no.tsv	
	60	39	8	47	37	4	28	35	69	34	56	49	77	10	35
PATSDA	14.613556683875299	96.60495778687499	22.73805594522864	23.466823122797486	125.11683604900203	18.497766872454932	34.49710606478578	18.04008941682417	48.03882016068892	12.860428701452939	81.21681218083452	37.31763115587591	113.77792764595517	23.533317778121997	71.47653540586467	
GASSHF	32.56566480156478	70.03959719879798	14.207494929907329	21.95992080375518	18.883021916568925	13.33562047075517	21.843156015782895	25.12704252090054	22.455192672123385	13.42227191777806	16.04700350054457	22.46985794818633	36.734078469463924	18.4353920086283	36.35968426989575	
DADSDF	86.49607385179978	94.96389270101301	14.207494929907329	15.071165573415971	91.78117902218469	12.240189294572076	13.787582933915436	20.56675087450479	15.85928584156811	13.598779367307731	28.17491958271266	18.386008502741305	102.90909803201778	20.91754539287152	28.440003484900718	
PAESYW	14.403719342490787	14.568482242764489	14.41306787372995	17.33286165488866	13.154627468100484	14.011314260671373	16.175577292269384	15.235256368675953	14.582299851978933	17.605519451130487	16.92388164176865	16.236785068776257	42.913301068953494	13.679610853260943	16.79463300198517	
GAESEA	18.134644293102834	98.22530671103718	22.290057380210897	27.75031301338898	93.44579960409557	28.246811388062774	79.81711638227189	14.61181442205744	36.21544389159368	23.665369582390163	157.9410294643876	70.05571415556753	130.4768136261004	18.4353920086283	37.91650513193499	
GAATEA	40.53733943313647	14.283261398331017	16.931776074437487	33.64709589426319	54.68905673440681	18.497766872454932	67.32981655903181	13.24505634405163	21.409875668376948	20.499543057732282	75.27562999524586	51.252187370626096	20.904942982157742	17.889280923640644	16.935729733154133	
KAASLI	18.099542612386536	16.65063528091368	20.258657189720534	19.533213520166907	18.12164035918528	13.33562047075517	14.035413922555549	27.879176059048646	42.21585067309357	28.810432293544427	13.45635339008405	14.01520030679533	48.639927989178084	21.034890181859545	59.536036793892706	
LAVSKI	21.916005320696204	99.34042804125988	25.768333373123422	21.8105240446468	95.25313271983674	12.240189294572076	14.462678749750102	31.201888094776606	61.194417276948705	18.14533432852156	21.987455748275572	21.654610511241195	121.81462176733802	34.75993172930051	20.802947423585337	
TASTCY	15.9477847710583	12.646470903500676	12.236930989862541	44.01249948007153	57.76462475178946	13.33562047075517	15.578138521504759	14.760145114288362	19.077602915379913	15.014784540324392	19.793156325170244	14.846375190405245	23.45843214322035	25.932169190476106	19.82713952623708	
NASSIA	19.622274657794364	37.13236643915046	16.13275361820402	68.81994701483262	61.998125972468756	72.95076094629077	95.27575627245434	60.93000836646466	50.07971248591363	13.942443825677206	100.94216908694492	69.07241819254406	47.03022561105895	42.74490921571715	72.12698739038838	
QAETQA	11.107462288985435	12.537228484186112	14.207494929907329	16.342321453895355	16.33681000879549	18.497766872454932	21.753406431556982	10.787858610977967	18.736041017250717	14.880490404189125	75.55589158991535	31.68935159266945	21.697664850727605	12.277103005608332	14.982435855048802	
DALTEI	20.919286653983082	12.419294061723177	25.50834221966954	13.20104176714091	84.51745842713589	12.240189294572076	10.96312030932304	21.936874867777185	17.18350005130349	26.516515431798588	11.974272048795186	11.998667893521983	15.978959822859906	15.028850312091308	12.49229899593562	
AACTQI	14.592413048925565	25.381205072589275	15.69133237161239	16.889564279269287	11.950538333021264	13.33562047075517	12.947016468330874	14.068654907407367	15.428322078126765	19.368138915000685	13.888191955439677	17.97881471983377	20.356505633323273	11.6911120508206	14.488672841048711	
NAGSIA	12.226565515323362	28.033172025029995	16.13275361820402	102.53627904771332	96.00237582490573	85.58854631073412	69.76822402463787	60.515997570874774	38.63239868843437	13.518391140960741	62.20162922556061	105.49212592359585	48.052188115488306	65.91728907499316	145.68297736512002	
DAATQI	33.89121790964733	20.22616878679155	17.44334530162473	14.575890572394153	10.42228476496854	13.33562047075517	18.387567526445633	17.62794427167179	17.380908139398514	17.900907555210946	21.16937144853288	20.152692260143787	16.306724560095592	11.6911120508206	15.474098803303853	
SAPSCF	21.151862886800387	23.981220969013833	14.207494929907329	22.810747492742436	22.25543305718451	14.011314260671373	24.433801215458757	20.152740078914892	21.199025698821718	12.131548007517996	15.204845477006952	18.939539175695476	32.626521729768	13.679610853260943	20.794931460608407	
TAASHI	23.17095779260888	13.050804230477521	33.61085024601519	24.515323155184966	13.993331837806863	12.240189294572076	11.241439547107879	59.88785360932067	32.68153758075685	31.19055410230265	41.560060694643646	14.629113590478662	36.86541988670722	25.996534815670024	24.292096588854385	
TASSTY	24.95117262003877	92.91593516218968	12.400409613962468	90.80549885811384	95.03605010112554	14.011314260671373	14.633084035442938	14.98808364339112	25.983881096355148	13.42227191777806	23.176635528343173	82.0164395533697	101.35439335367215	18.4353920086283	84.0730848399697	
NAETLY	16.63755098166856	96.38007281964224	12.909244429425787	90.37123674097083	86.42607118841448	13.33562047075517	15.48696564945865	15.464940133651686	23.576794329546683	11.998189756457027	13.723849157681009	89.30758703252303	96.76046543961412	12.277103005608332	11.383770481941898	
MARTHW	24.120360021326878	29.742611943090814	14.41306787372995	36.48925787290183	29.483329047997998	13.33562047075517	23.55988229647884	25.748142428276434	39.91500492977252	11.297589319450061	31.032852037199426	20.03492574765167	75.14391376782577	15.38609795307361	37.32081178185313	
PAPSRF	18.454080993379783	21.803721034401608	10.069246680370725	17.462040611351078	89.13623974299462	10.729374311997336	13.033665798099022	22.64166988714051	24.89532482349955	12.713965824384195	14.08243182811723	17.84479026939257	39.489634031029766	13.679610853260943	32.26915726237701	
TAPSEI	37.75553676594214	35.15341550504977	50.210055713070965	17.764153661089914	23.797443153856396	14.011314260671373	13.49518250836761	23.68409780780207	34.12846449515566	22.015660820790956	26.203129013813516	14.303611300793607	34.37100304493177	25.996534815670024	55.00321140874437	
PALSLA	17.768775213199664	65.34738888916858	10.069246680370725	24.82061800251674	36.73617718472616	18.497766872454932	30.63189020097823	14.068654907407367	41.13243556366201	24.418947035344065	80.57216310968913	65.13263455754235	94.89921316437346	18.4353920086283	89.29582498144451	
EAYSHY	10.166282312445285	21.309084910817635	17.679193604393742	18.146365020788704	22.326124913839458	14.011314260671373	12.947016468330874	17.74141890876067	15.058049690654785	13.675207264165703	21.834161703172274	13.828878998988772	23.201937129714658	18.4353920086283	28.440003484900718	
LARSFI	13.600743967218126	55.1802041231408	23.464836530789025	13.242882964692884	53.92325109108485	12.240189294572076	13.215747845043717	63.687436473177016	62.42541195957832	19.83325812977184	16.857868452908377	15.134393480939272	43.320685948198246	45.91262563059731	15.690807066082943	
NAITTA	84.4561554340508	85.73784128578717	10.069246680370725	89.1713258526773	89.64402113658406	16.21558579771076	26.316043671919772	21.171158697893087	29.928968197603844	20.920895842191143	52.11316752141988	99.48067274966965	84.1241310996562	15.200802921110458	31.48668036656152	
PAQTVY	16.33435037800202	16.416403366255757	12.909244429425787	14.801806419748035	17.137844203263384	29.757626370637514	18.33064653747356	13.24505634405163	23.99243120167489	21.14066751986762	29.769984072341117	22.586604809684797	28.897957960864893	23.533347610100527	19.550084775016078	
VAGTWY	22.716094445682657	26.332072235432577	22.73805594522864	13.20104176714091	19.882988917088483	16.21558579771076	19.299561805259003	15.628261259436414	25.15446357702571	20.648133384431983	34.21872431641485	17.445070456098115	31.317275969341743	17.889280923640644	17.878554426660195	
LAPTLY	13.461285948962088	17.352099654809187	22.407630566047967	21.26248122335311	15.587462353402074	29.757626370637514	18.33064653747356	15.235256368675953	21.375145464468748	13.942443825677206	18.93588142941538	25.217586041732226	21.998765894719487	17.413328048909975	19.122344506873755	
SAGTIF	84.02738501818108	88.76169633183838	10.069246680370725	88.43419361193381	84.17536293630467	18.497766872454932	21.714416916847558	31.201888094776606	26.26879455115192	11.684744865145234	26.41756741481911	11.709141035070932	110.79456930400467	15.028850312091308	13.738057900242996	
IASTIY	24.150986684799427	13.465111748260151	10.069246680370725	15.217854542865824	17.714144536546737	16.21558579771076	19.299561805259003	12.989662263381865	20.68106761246055	14.986050581087962	23.267162172260313	15.310603743844714	23.378575628466177	19.132882500481273	18.570050934781747	
QALSFF	111.96510266351858	92.46907564807928	17.312361070583542	87.68695856485124	91.50348535091888	12.240189294572076	18.96932555464884	38.00576439577072	16.03418689584093	13.117543503696098	16.240071292203584	89.3612186756295	33.544804080303265	23.953260466395864	56.71740157059237	
QAGTIA	9.212671852642597	16.214006672509164	17.312361070583542	27.44669033280445	22.90556281396521	75.15503248333016	23.01612416428838	25.404411394297867	17.991215304280622	11.843524167453666	46.01373913034938	29.155440681458792	15.497429615997259	11.6911120508206	18.862310489547134	
MASTAF	83.22483979783269	83.91463523479214	12.909244429425787	87.82679397788017	86.03318658137275	29.757626370637514	13.681357516656181	19.481667236178684	14.724448606862403	22.736196814268865	19.599994704734264	86.11123633791519	28.890743015628885	20.077048831798223	27.32514085548212	
TAFSKI	114.96854408483668	85.55104082691925	42.492926239946556	21.544706029257952	87.48825039160795	12.240189294572076	12.87051939186769	30.728580788423116	27.81090663987424	15.73224264106223	13.039331030781081	17.797946912549502	32.94407105837814	19.212177785061638	27.715710455109914	
